{
"meta":{"test_sets":[],"test_metrics":[],"learn_metrics":[{"best_value":"Min","name":"Logloss"}],"launch_mode":"Train","parameters":"","iteration_count":150,"learn_sets":["learn"],"name":"experiment"},
"iterations":[
{"learn":[0.669350481],"iteration":0,"passed_time":0.03828834276,"remaining_time":5.704963071},
{"learn":[0.6467093945],"iteration":1,"passed_time":0.07466681411,"remaining_time":5.525344244,,
{"learn":[0.6270884514],"iteration":2,"passed_time":0.1165976728,"remaining_time":5.713285966,,
{"learn":[0.6079089165],"iteration":3,"passed_time":0.1580587547,"remaining_time":5.769144546,,
{"learn":[0.5883378983],"iteration":4,"passed_time":0.199173456,"remaining_time":5.77603,
{"learn":[0.5722326756],"iteration":5,"passed_time":0.2893909023,"remaining_time":6.945381655},
{",
{"learn":[0.5617226601],"iteration":6,"passed_time":0.3161536446,"remaining_time":6.458567,
{",
{"learn":[0.5505041122],"iteration":7,"passed_time":0.3685058681,"remaining_time":6.540979,
{"learn":[0.5326313972],"iteration":8,"passed_time":0.4587353918,"remaining_time":7.186854471},
{,
{"learn":[0.5256897926],"iteration":9,"passed_time":0.5154385421,"remaining_time":7.2161395,
{,
{"learn":[0.5157981873],"iteration":10,"passed_time":0.5941681993,"remaining_time":7.5081,
{"le,
{"learn":[0.5037226677],"iteration":11,"passed_time":0.6329644277,"remaining_time":7.2790,
{"le,
{"learn":[0.4957159042],"iteration":12,"passed_time":0.6751032067,"remaining_time":7.1145,
{"le,
{"learn":[0.4864235878],"iteration":13,"passed_time":0.6948899661,"remaining_time":6.750,
{"lea,
{"learn":[0.4787247658],"iteration":14,"passed_time":0.7124811359,"remaining_time":6.412,
{"lea,
{"learn":[0.4699502945],"iteration":15,"passed_time":0.7324297632,"remaining_time":6.134,
{"lea,
{"learn":[0.4621159554],"iteration":16,"passed_time":0.7565890219,"remaining_time":5.919,
{"lea,
{"learn":[0.454134798],"iteration":17,"passed_time":0.7761143347,"remaining_time":5.6915,
{"le,
{"learn":[0.4469829559],"iteration":18,"passed_time":0.7968941967,"remaining_time":5.4943,
{"le,
{"learn":[0.442116642],"iteration":19,"passed_time":0.8133482433,"remaining_time":5.28676,
{"l,
{"learn":[0.4357825756],"iteration":20,"passed_time":0.8328954373,"remaining_time":5.1163,
{"le,
{"learn":[0.4289518356],"iteration":21,"passed_time":0.8560146259,"remaining_time":4.980,
{"lea,
{"learn":[0.4212695122],"iteration":22,"passed_time":0.8897967547,"remaining_time":4.913,
{"learn":[0.4142975807],"iteration":23,"passed_time":0.9530993681,"remaining_time":5.003771682},
{"learn":[0.4095899105],"iteration":24,"passed_time":0.9783632433,"remaining_time":4.891816216},
{"learn":[0.4063407898],"iteration":25,"passed_time":1.001230601,"remaining_time":4.77509979},
{"learn":[0.4005936623],"iteration":26,"passed_time":1.02099125,"remaining_time":4.651182362},
{"lear,
{"learn":[0.3985750914],"iteration":27,"passed_time":1.00095407,"remaining_time":4.361,
{"lea,
{"learn":[0.3950896025],"iteration":28,"passed_time":1.034174987,"remaining_time":4.315,
{"lea,
{"learn":[0.391097188],"iteration":29,"passed_time":1.056381352,"remaining_time":4.2,
{"learn,
{"learn":[0.3848799944],"iteration":30,"passed_time":1.076847315,"remaining_time":4.,
{"learn",
{"learn":[0.3805513382],"iteration":31,"passed_time":1.097147229,"remaining_time":4.,
{"learn",
{"learn":[0.3774478436],"iteration":32,"passed_time":1.120629266,"remaining_time":3.,
{"learn",
{"learn":[0.3744995594],"iteration":33,"passed_time":1.150162269,"remaining_time":3.924083035},
{"learn":[0.3697467327],"iteration":34,"passed_time":1.168843118,"remaining_time":3.840484529},
{"learn":[0.3654467344],"iteration":35,"passed_time":1.189399336,"remaining_time":3.766431231},
{"learn":[0.3615058184],"iteration":36,"passed_time":1.206296063,"remaining_time":3,
{"learn":,
{"learn":[0.3581497669],"iteration":37,"passed_time":1.233697152,"remaining_time":3.636160027},
{"learn":[0.355023098],"iteration":38,"passed_time":1.261000691,"remaining_time":3.589001967},
{"learn":[0.3517540455],"iteration":39,"passed_time":1.291974621,"remaining_time":3.552930208},
{"learn":[0.349186039],"iteration":40,"passed_time":1.312709558,"remaining_time":3.489886386},
{"learn":[0.3476140022],"iteration":41,"passed_time":1.345726041,"remaining_time":3.460438392},
{"learn":[0.3461275101],"iteration":42,"passed_time":1.386072196,"remaining_time":3.44906337},
{"learn":[0.3422801733],"iteration":43,"passed_time":1.41040126,"remaining_time":3.397784854},
{"learn":[0.3409069538],"iteration":44,"passed_time":1.428695324,"remaining_time":3.333622423},
{"learn":[0.3377570152],"iteration":45,"passed_time":1.45323897,"remaining_time":3.285583759},
{"learn":[0.3347298145],"iteration":46,"passed_time":1.477892524,"remaining_time":3.238785744},
{"learn":[0.3335178375],"iteration":47,"passed_time":1.495833645,"remaining_time":3.178646495},
{"learn":[0.3319790363],"iteration":48,"passed_time":1.514981457,"remaining_time":3.122716881},
{"learn":[0.3292395115],"iteration":49,"passed_time":1.537173961,"remaining_time":3.074347923},
{"learn":[0.3274191141],"iteration":50,"passed_time":1.555178391,"remaining_time":3.0188757},
{"learn":[0.3251871824],"iteration":51,"passed_time":1.574384798,"remaining_time":2.967109811},
{"learn":[0.3208429575],"iteration":52,"passed_time":1.594169651,"remaining_time":2.917631249},
{"learn":[0.3187204361],"iteration":53,"passed_time":1.61704024,"remaining_time":2.874738205},
{"learn":[0.3170743942],"iteration":54,"passed_time":1.638206684,"remaining_time":2.829629727},
{"learn":[0.3150339365],"iteration":55,"passed_time":1.664661738,"remaining_time":2.794253631},
{"learn":[0.3139270306],"iteration":56,"passed_time":1.690059166,"remaining_time":2.757464955},
{"learn":[0.312321949],"iteration":57,"passed_time":1.711455943,"remaining_time":2.714723221},
{"learn":[0.3089325666],"iteration":58,"passed_time":1.728504427,"remaining_time":2.665998353},
{"learn":[0.3066259861],"iteration":59,"passed_time":1.745514044,"remaining_time":2.618271065},
{"learn":[0.3042776108],"iteration":60,"passed_time":1.771067807,"remaining_time":2.584016965},
{"learn":[0.3030235529],"iteration":61,"passed_time":1.79714412,"remaining_time":2.550785202},
{"learn":[0.3013320923],"iteration":62,"passed_time":1.819681479,"remaining_time":2.51289347},
{"learn":[0.2994749546],"iteration":63,"passed_time":1.839007462,"remaining_time":2.471166277},
{"learn":[0.2982029915],"iteration":64,"passed_time":1.858941959,"remaining_time":2.430924101},
{"learn":[0.2970668077],"iteration":65,"passed_time":1.87869096,"remaining_time":2.391061222},
{"learn":[0.2954602242],"iteration":66,"passed_time":1.89779912,"remaining_time":2.35100488},
{"learn":[0.2933100462],"iteration":67,"passed_time":1.9199695,"remaining_time":2.315257338},
{"learn":[0.2908569813],"iteration":68,"passed_time":1.941157332,"remaining_time":2.278749912},
{"learn":[0.2895545006],"iteration":69,"passed_time":1.959329215,"remaining_time":2.239233388},
{"learn":[0.2878671646],"iteration":70,"passed_time":1.983259244,"remaining_time":2.206725074},
{"learn":[0.2869085073],"iteration":71,"passed_time":2.003510735,"remaining_time":2.170469963},
{"learn":[0.285234499],"iteration":72,"passed_time":2.033447316,"remaining_time":2.144869087},
{"learn":[0.283589983],"iteration":73,"passed_time":2.053788229,"remaining_time":2.109296019},
{"learn":[0.2822468758],"iteration":74,"passed_time":2.067417892,"remaining_time":2.067417892},
{"learn":[0.2801181078],"iteration":75,"passed_time":2.08580011,"remaining_time":2.030910634},
{"learn":[0.2785194159],"iteration":76,"passed_time":2.106406796,"remaining_time":1.996983066},
{"learn":[0.2767947197],"iteration":77,"passed_time":2.12878543,"remaining_time":1.965032704},
{"learn":[0.2754597187],"iteration":78,"passed_time":2.145622338,"remaining_time":1.928344127},
{"learn":[0.2729908943],"iteration":79,"passed_time":2.161721952,"remaining_time":1.891506708},
{"learn":[0.271921587],"iteration":80,"passed_time":2.178071987,